<image xres="96" version="0.0.1" h="496" w="512" yres="96">
 <stack opacity="1" visibility="visible" composite-op="svg:src-over" isolation="isolate" name="root" x="0" y="0">
  <layer opacity="1" visibility="visible" composite-op="svg:src-over" src="data/layer13.png" name="Collision" x="0" selected="true" y="0"/>
  <layer opacity="0.494118" visibility="hidden" composite-op="svg:src-over" src="data/layer12.png" name="_collision_old" x="0" y="0"/>
  <layer opacity="0.603922" visibility="visible" composite-op="svg:src-over" src="data/layer11.png" name="_tiles2" x="0" y="0"/>
  <layer opacity="1" visibility="visible" composite-op="svg:src-over" src="data/layer10.png" name="Foreground" x="0" y="32"/>
  <layer opacity="1" visibility="hidden" composite-op="svg:src-over" src="data/layer9.png" name="_tiles" x="0" y="0"/>
  <layer opacity="1" visibility="hidden" composite-op="svg:src-over" src="data/layer8.png" name="_WaterCover" x="432" y="31"/>
  <layer opacity="1" visibility="visible" composite-op="svg:src-over" src="data/layer7.png" name="Trees" x="0" y="1"/>
  <layer opacity="1" visibility="visible" composite-op="svg:src-over" src="data/layer6.png" name="Fences" x="0" y="0"/>
  <layer opacity="1" visibility="visible" composite-op="svg:src-over" src="data/layer5.png" name="Decorations" x="65" y="55"/>
  <layer opacity="1" visibility="visible" composite-op="svg:src-over" src="data/layer4.png" name="Buildings" x="32" y="32"/>
  <layer opacity="1" visibility="visible" composite-op="svg:src-over" src="data/layer3.png" name="Bonus Grass" x="0" y="58"/>
  <layer opacity="1" visibility="visible" composite-op="svg:src-over" src="data/layer2.png" name="Paths" x="32" y="0"/>
  <layer opacity="1" visibility="visible" composite-op="svg:src-over" src="data/layer1.png" name="Ground" x="0" y="0"/>
  <layer opacity="1" visibility="visible" composite-op="svg:src-over" src="data/layer0.png" name="_old" x="0" y="0"/>
 </stack>
</image>
